Product Name,Product URL,Product Price,Rating,Review Count,Description,ASIN,Product Description,Manufacturer
"Mi Step Out 12 L Mini Backpack (Small Size, Black, Water Repellant)",https://www.amazon.in/Backpack-Small-Black-Water-Repellant/dp/B088XB5XY8,₹398,4.1,"9,319","Made of multi-coated 600D polyester Material ; Water Repellent      Dimension: 26cm x 38cm x 14cm (LxWxH); Weight : 200 grams; Capacity: 12liters      Small Size backpack; Laptop Compatibility: No      This backpack comes with 2 zipper pockets that can house a notebook, gym gear, travel essentials and more      With contra zippers and adjustable straps this light weight backpack is the ideal companion while at the airport or hitting the gym or exploring new city or using it as a carrier for books      6 months limited warranty       
 ›   See more product details",N/A,N/A,Brand: MI
Half Moon Large 37L Laptop Bag Backpack for menं Women Boys and Girls Luggage Travel Bags with 17.3 inches Laptop Compartment & Rain Cover,https://www.amazon.in/Half-Moon-Backpack-Luggage-Compartment/dp/B09VCLZ3K4,₹849,3.9,"3,066",N/A,N/A,N/A,N/A
"TRUE HUMAN® Emperor Anti-Theft Pocket backpack With USB charging Port Laptop,office,college,travel bag for men and women(Epower)",https://www.amazon.in/TRUE-Emperor-Anti-Theft-backpack-charging/dp/B0BYB631NR,₹689,3.6,130,N/A,N/A,N/A,N/A
POLICE Backpack for Men Casual Laptop Bag Office/Travel/College 30 Ltr Hedge Polyester - Black,https://www.amazon.in/Police-Polyester-laptop-casual-backpack/dp/B09CQ5T3LN,"₹1,399",4.1,"5,656",N/A,N/A,N/A,N/A
ADISA 32 Ltrs Water Resistant Casual Travel Bagpack/College Backpack/School Office Bag for Men and Women,https://www.amazon.in/ADISA-BP010-Weight-Casual-Backpack/dp/B07MXL986B,₹499,4.0,"3,975",N/A,N/A,N/A,N/A
F Gear Luxur Brown 25 liter Laptop Backpack (2404),https://www.amazon.in/F-Gear-Luxur-Brown-Backpack/dp/B01F7AX9ZA,"₹1,099",4.4,"16,897",N/A,N/A,N/A,N/A
"FATMUG Laptop Bag For Men - Convertible Backpack For Office And Travel (Dark Grey,Oxford Fabric)",https://www.amazon.in/FATMUG-Laptop-Bag-Men-Convertible/dp/B084LF4RT5,"₹1,599",4.4,"2,077",N/A,N/A,N/A,N/A
"Wesley Milestone 2.0 Casual Waterproof Laptop Backpack/Office Bag/School Bag/College Bag/Business Bag/Travel Backpack (Dimensions:13x18 inches) (Compatible with 39.62cm(15.6inch laptop) 30 L, Charcoal black",https://www.amazon.in/Wesley-Milestone-Waterproof-Backpack-Business/dp/B085S444JV,₹550,4.3,"11,534",N/A,N/A,N/A,N/A
FUR JADEN Anti Theft Backpack 15.6 Inch Laptop Bag with USB Charging Port For Men Women Boys Girls,https://www.amazon.in/Fur-Jaden-Black-Waterproof-Backpack/dp/B078GLXMDY,₹839,4.0,"13,803",N/A,N/A,N/A,N/A
"Safari Spartan 21 Ltrs Water Resistant Backpack - Teal, S (SPARTAN19CBTEA)",https://www.amazon.in/Safari-Spartan-Water-Resistant-Backpack/dp/B09B277CR5,₹599,3.8,848,N/A,N/A,N/A,N/A
Northzone Lightweight school bags Backpacks for Boys Girls Stylish men and women Casual Travel Laptop Bag College office (Black) 40L,https://www.amazon.in/NORTH-ZONE-Lightweight-Backpacks-Stylish/dp/B0BL3TVDK6,₹426,3.9,100,N/A,N/A,N/A,N/A
NIVIA Beast Gym Bag-4 Polyester/Unisex Gym Bags/Shoulder Bag for Men & Women with Separate Shoes Compartment/Carry Gym Accessories/Fitness Bag/Sports & Travel Bag/Sports Kit,https://www.amazon.in/Nivia-5183-Polyester-Duffle-Medium/dp/B071KNXQ7Y,₹489,4.2,"3,403",N/A,N/A,N/A,N/A
Fur Jaden Hiking Camping Rucksack Casual 10 Ltrs Blue Casual Backpack,https://www.amazon.in/Fur-Jaden-Rucksack-Backpack-BM43_Blue/dp/B07PS38XSP,₹239,3.6,"7,886",N/A,N/A,N/A,N/A
Gear Casual Backpack,https://www.amazon.in/Gear-Black-Casual-Backpack-MDBKPECO50104/dp/B0757MBSS6,₹399,3.8,"2,196",N/A,N/A,N/A,N/A
"Safari Sneak Casual Backpack with USB Charging Port 26 Ltrs Water Resistant Fabric - Grey, L (SNEAK19CBGRE)",https://www.amazon.in/Safari-Casual-Backpack-Charging-Resistant/dp/B09B2581S9,₹949,3.8,997,N/A,N/A,N/A,N/A
LOOKMUSTER Casual Waterproof Laptop Backpack/Office Bag/School Bag/College Bag/Business Bag/Travel Backpack…,https://www.amazon.in/LOOKMUSTER-Waterproof-Backpack-College-Business/dp/B0BS6YGKMC,₹499,3.9,31,N/A,N/A,N/A,N/A
Arctic Fox Slope Anti Theft 23 L Backpack with USB Charging Port 15 Inch Laptop Backpack (Marble Black),https://www.amazon.in/Arctic-Fox-Backpack-Charging-Laptop/dp/B089QB6D7B,"₹1,445",4.5,"3,954",N/A,N/A,N/A,N/A
"DYAZO Water Resistant Camera Bag/Case Shoulder Strap Space for Photography Lens and Accessories Compatible for Nikon, Canon, Sony, Panasonic, Samsung & Other SLR/DSLR etc (Black & Silver)",https://www.amazon.in/gp/bestsellers/electronics/1389022031/ref=sr_bs_1_1389022031_1,₹805,4.4,303,N/A,N/A,N/A,N/A
"TRAWOC 60 Ltr Trekking Rucksack Travel Bag Hiking Backback, 1 Year Warranty, HK001",https://www.amazon.in/NOVICZ-HK001-TRAWOC-SKYBLUE-Blue-Rucksack/dp/B079N6KHPJ,"₹1,595",4.3,"3,866",N/A,N/A,N/A,N/A
Asus ROG BP1501 39.62 cm (15.6-inch) Gaming Laptop Backpack (Black),https://www.amazon.in/BP1501-15-6-inch-Gaming-Laptop-Backpack/dp/B081RLHHCY,"₹1,499",4.3,951,N/A,N/A,N/A,N/A
COSMUS Darwin Navy Blue Laptop Backpack for (15.6 inch),https://www.amazon.in/COSMUS-Polyester-Navy-Laptop-Backpack/dp/B01FVQLLU0,"₹1,333",4.3,"10,018",N/A,N/A,N/A,N/A
ADISA Women Girls Floral Print Sling Bag,https://www.amazon.in/ADISA-Women-Girls-Floral-SL5072-CRE_Cream/dp/B09B56BCXR,₹469,4.2,"1,158",N/A,N/A,N/A,N/A
Wildcraft 29.5 Ltrs Green Casual Backpack (11650-Green),https://www.amazon.in/Wildcraft-Green-Casual-Backpack-11650-Green/dp/B079DV66TY,"₹1,045",4.1,382,N/A,N/A,N/A,N/A
Puma Unisex Gym Bag IND,https://www.amazon.in/PUMA-Gym-Bag-IND-Fig-CASTLEROCK/dp/B089T98TKG,₹619,4.0,460,N/A,N/A,N/A,N/A
"SKYTONE 12cms Large Capacity Cosmetic Travel Bag, Women's Makeup Travel Bag Portable Leather Cosmetics Bag, Makeup Storage Bags with Handle and Divider, Wide Opening Cosmetic/Makeup Organizer (L_Pink)",https://www.amazon.in/SKYTONE-Cosmetic-Bag-Cosmetics-Organizer/dp/B0BV358QKF,₹749,4.0,212,N/A,N/A,N/A,N/A
"AirCase Laptop Bag Backpack Case Pouch for Laptop Backpack for Men & Women,Premium Vegan Leather",https://www.amazon.in/AirCase-C34-Laptop-Backpack-Women/dp/B07QL8633G,₹929,4.0,"1,069",N/A,N/A,N/A,N/A
Aristrocrat Unisex Laptop Bag Grey One Size,https://www.amazon.in/Aristocrat-Zeal-Unisex-Grey-Laptop/dp/B0B5YHC1W5,₹799,4.2,27,N/A,N/A,N/A,N/A
"Genie Miami Laptop Backpack for Women, 16 inches Office Bag, Sky Blue Stylish and Trendy Bag for Office and College",https://www.amazon.in/Genie-Miami-litres-Casual-Backpack/dp/B07SRGGGNC,₹799,4.2,"1,436","Outer Material : Nylon, Color: Pink, Water Resistant      Dimensions: 29.5x41.5x14.5 cm (LxWxH), Capacity: 18 Litres, Number of compartments: 1, Laptop Compatibility: Yes, Laptop Size: 15.6 inch      Warranty: 12 months manufacturer warranty, Weight: 405 gms      Quick Access Front Pocket, One side Pocket, Fully Lined      Feather Light",N/A,"Elevate your fashion quotient with Genie Miami Rose backpack.It has a spacious padded laptop compartment and a front pocket for easy access. This fun, young and vibrant backpack is made up of Nylon Twill, making it perfect for daily use.",Visit the Genie Store
AmazonBasics - Casual Backpack/Office Bag/ for a 15.6-inch Laptop,https://www.amazon.in/AmazonBasics-Casual-Backpack-Office-15-6-inch/dp/B09W4VMZ79,₹699,4.2,600,N/A,N/A,N/A,N/A
Baggit Women's Sling Bag - Small,https://www.amazon.in/Baggit-Womens-Sling-Bag-Yellow/dp/B0C1NZ1PW7,₹689,4.3,"2,588",N/A,N/A,N/A,N/A
"Tabelito® NEXA 3O L Water Resistant Laptop/College/Office/School/Travel/Business Bag, Unisex Backpack for Men Women Fits Up to 15.6 Inch Laptop Notebook. (GREY)",https://www.amazon.in/Tabelito-NEXA-Backpack-Business-Compartment/dp/B0C2D3YR7T,₹399,4.7,59,N/A,N/A,N/A,N/A
"HAMMONDS FLYCATCHER Genuine Leather Laptop Bag for Men - Office Bag, Brown Color - Fits Up to 14/15.6/16 Inch Laptop/MacBook - Laptop Messenger Bags/Leather Bag for Men with Adjustable Shoulder Strap",https://www.amazon.in/HAMMONDS-FLYCATCHER-Genuine-Shoulder-Messenger/dp/B07P2TQH78,"₹2,623",4.3,"4,945",N/A,N/A,N/A,N/A
"Genie Flamenco Laptop Backpack for Women, 16 inches Office Bag, Sky Blue Stylish and Trendy Bag for Office and College",https://www.amazon.in/Genie-Flamenco2-Backpack-Compatible-Resistant/dp/B08YF1XJXY,₹719,4.4,"1,578",N/A,N/A,N/A,N/A
"TABELITO Casual Laptop Backpack 15.6-inch, 25 LTR Water Repellent",https://www.amazon.in/Tabelito-Laptop-Backpack-15-6-inch-Repellent/dp/B08Y3L4PHK,₹549,4.2,405,N/A,N/A,N/A,N/A
American Tourister Ohio Polyester 65 Cms Wheel Travel Duffle Bag (Blue),https://www.amazon.in/American-Tourister-FJ9-01-002/dp/B07N19CXKM,"₹1,999",4.2,"1,263",N/A,N/A,N/A,N/A
Arctic Hunter Laptop Bag Expandable Backpack for 16 inch Lapotp 40L Travel Backpack Water-resistant Business School Backpack with USB Port for Men and Women,https://www.amazon.in/Expandable-Backpack-Water-resistant-Business-Charging/dp/B0B6FNB898,"₹3,514",4.4,77,N/A,N/A,N/A,N/A
Safari Polyester 24 Cms Travel Bag(KRYPTON17DFBLU_Blue),https://www.amazon.in/Safari-Polyester-Cms-Travel-KRYPTON17DFBLU_Blue/dp/B097L2RSF1,₹499,3.8,37,N/A,N/A,N/A,N/A
"HAMMONDS FLYCATCHER Genuine Leather Laptop Bag for Men - Office Bag, Sea Green - Fits Up to 14/15.6/16 Inch Laptop/MacBook - Laptop Messenger Bags/Leather Bag for Men with Adjustable Shoulder Strap",https://www.amazon.in/Hammonds-Flycatcher-Original-Messenger-Compartment/dp/B08G56N3HQ,"₹2,622",4.3,"4,945",N/A,N/A,N/A,N/A
"Skybags Unisex Polyester Solid Pattern Hustle Df 55 (Orange, Small)",https://www.amazon.in/SKYBAGS-Unisex-Luggage-Duffel-Bag-DFHUS55ONG/dp/B07F342RQD,"₹1,699",4.3,301,N/A,N/A,N/A,N/A
"FUR JADEN 15.6 Inch Laptop Backpack 25 LTR Bag for School, College and Office with USB Charging Port Unisex Backpack",https://www.amazon.in/Fur-Jaden-Charging-Waterproof-BM36_BlackBlue/dp/B07MXL9KYG,₹499,3.9,"10,258",N/A,N/A,N/A,N/A
ADISA Backpack Office Bag College Travel Back Pack 32 Ltrs (Navy Blue),https://www.amazon.in/ADISA-Backpack-Office-College-Travel/dp/B09Y8FMDVB,₹499,4.1,192,N/A,N/A,N/A,N/A
"COSMUS Madison waterproof Multipurpose Backpack With laptop compartment , 33L",https://www.amazon.in/COSMUS-Multipurpose-Backpack-Bag-compartment/dp/B078JVT384,"₹1,375",4.2,"2,265",N/A,N/A,N/A,N/A
(India) Dell EcoLoop Urban Backpack - Gray - CP4523G,https://www.amazon.in/India-Dell-EcoLoop-Urban-Backpack/dp/B0B2PXNW6Z,"₹1,999",3.9,8,N/A,N/A,N/A,N/A
"SACCI MUCCI Women's Rainbow Sling Bag, Handmade Bags for Females - 100% Vegan Leather and Coated Duck canvas Fabric, Lightweight and Durable",https://www.amazon.in/SACCI-MUCCI-Allamanda-Lightweight-SM1-10_magnolia/dp/B09TDNZ88Z,₹421,4.2,855,N/A,N/A,N/A,N/A
Asus BP1504 39.62 cm (15.6-inch) Laptop Backpack (Dark Grey),https://www.amazon.in/Asus-BP1504-15-6-inch-Laptop-Backpack/dp/B0895ZZHKK,₹819,4.2,"1,668",N/A,N/A,N/A,N/A
Wooum Sling Cross Body Bag/One Side Bag/Shoulder Bag/Office Business Messenger Bag/Money Bag for Men and Women - Water Resisitance,https://www.amazon.in/Wooum-Resisitance-Shoulder-Business-Messenger/dp/B0993Q72WD,₹328,4.0,695,N/A,N/A,N/A,N/A
"Dynotrek 13 14 Upto 15.6"" Inch Laptop Casual Sack-pack Rucksack Travel Backpack With USB Charging Port For Men & Women Waterproof Backpack Suitable for Chromebook DT02SCB",https://www.amazon.in/Dynotrek-Sack-pack-Waterproof-Chromebook-Charcoal/dp/B09TNTPK6G,₹999,3.8,"1,141",N/A,N/A,N/A,N/A
Wildcraft Turnaround Polyester 14 inch 27 Ltrs Blue Laptop Bag (8903340000000),https://www.amazon.in/Wildcraft-Turnaround-Polyester-Laptop-8903340000000/dp/B012D4QWES,"₹1,796",4.3,"3,318","Outer Material: Polyester, Color: Blue      Water Resistance: Water resistant; Dimensions: 36 cms x 13 cms x 50 cms (LxWxH)      Number of compartments: 3      Laptop Compatible: Fits up to 15.4 laptop      Light Weight      Note : Laptop compartment has no strap",N/A,The durable Peza workpack is designed for travel enthusiasts. It perfectly organizes your belongings and comes with a specially designed padded back system for enhanced carrying comfort. Laptop Compatible: Fits up to 15.4 laptop ; Quick-access side mesh pocket ; Ventex back system allows ventilation and better airflow.,Brand: Wildcraft
F Gear Bi Frost 47 cms Casual Laptop Backpack (2472) - Grey,https://www.amazon.in/F-Gear-Bi-Frost-Backpack-Grey/dp/B01JGD0FYM,₹699,3.9,272,N/A,N/A,N/A,N/A
"HARISSONS Bags Vervo 15.6-inch Laptop/Travel/Casual Backpack for Men and Women with Rain Cover (Black, 40 Ltrs) | Quick Access Zippered Pocket, Detailed Organizers & a Detachable Key Chain Holder",https://www.amazon.in/Harissons-Vervo-Laptop-Backpack-Built/dp/B07M5P5LW3,"₹2,929",4.3,"1,993",N/A,N/A,N/A,N/A
Wildcraft 35 Litres Backpack (11908-Pink_ Pink),https://www.amazon.in/Wildcraft-Litres-Backpack-11908-Pink_-Pink/dp/B083ZS5R1K,"₹1,249",4.1,196,N/A,N/A,N/A,N/A
The Purple Tree Women's Tote Bag (TBAG00274_Multicolored),https://www.amazon.in/Purple-Tree-Canvas-Tote-Women/dp/B07PH2RCPS,₹349,3.9,205,N/A,N/A,N/A,N/A
FUR JADEN Vegan Leather 30L 15.6 Inch Laptop Backpack for Men Women for Office Professionals and College Students Brown,https://www.amazon.in/Fur-Jaden-resistant-Backpack-BM100_Brown/dp/B07P5X6NSN,₹839,4.2,"2,311",N/A,N/A,N/A,N/A
"Safari 48 Cms Black Formal/Office/Laptop Backpack With Anti-Theft, Lock, Usb And Rfid (Vault19Cbblk)",https://www.amazon.in/Safari-Formal-Backpack-Anti-Theft-VAULT19CBBLK/dp/B07XSTR69N,"₹1,197",4.0,870,N/A,N/A,N/A,N/A
Gear Classic 20L Faux Leather Water Resistant Anti Theft Laptop Bag/Backpack for Men/Women-Tan,https://www.amazon.in/Classic-Leather-Laptop-Backpack-LBPCLSLTH1901/dp/B07G4CYC74,₹981,4.4,"2,464","Care Instructions: Hand Wash Only      Outer material: synthetic, color: tan; Waterproof      Capacity: 20 liters; Weight: 560 grams; Dimensions: 48 cms x 32 cms x 14 cms (LxWxH)      Number of compartments: 2      Laptop compatibility: yes, laptop size: 16strap type: adjustable      Age Range Description: Adult; Special Features: Back Padding; Pocket Description: Utility Pocket; Closure Type: Zipper      Concealed quick access Pockets on back panel ,Adjustable Anti sweat padded Shoulder straps , Padded Laptop sleeve,2 External Pockets, Padded Back Panel Cushioned with Anti Sweat Fabric,Embedded Organizer , USB and Headphone cable slot .",N/A,"Gear bags are designed for the quick commute as well for the long journey. these backpacks can be used as laptop bags,adventure bags and so on. Your favorite travel companion, The backpacks come with enough storage space to carry all your requirements.",Visit the Gear Store
CAPRIFF 32 L Casual Waterproof Laptop Bag/Backpack for Men Boys & Girls For Office School College Teens & Students with Rain Cover With adjustable Strap With 2 Compartment,https://www.amazon.in/Capriff-Liters-Collage-travell-Backpack/dp/B084T7X2HX,₹539,3.8,"3,080",N/A,N/A,N/A,N/A
"American Tourister Sest+ Polyester 2 Compartment Unisex Backpack (Grey,Frsz)",https://www.amazon.in/American-Tourister-Polyester-Compartment-Backpack/dp/B0BWFFFT5H,"₹1,678",4.0,39,N/A,N/A,N/A,N/A
Lavie Women's Pavo Tote Bag | Ladies Purse Handbag,https://www.amazon.in/Lavie-Spring-Summer-Womens-Tote/dp/B0814PV49H,₹899,4.1,"4,837",N/A,N/A,N/A,N/A
K London Dark Brown Artificial Leather Handmade Men & Women Laptop Bag Cross Over Shoulder Messenger Bag Office Bag (1102_darkbrn),https://www.amazon.in/London-Artificial-Handmade-Messenger-1102_darkbrn/dp/B078BH7XV5,"₹1,175",4.2,"1,583",N/A,N/A,N/A,N/A
DZert Clasy Laptop Bag College Bag for Boys Girls 21 L Nevy Blue,https://www.amazon.in/DZert-Girls-Polyester-White-Backpack/dp/B07H1BPCGQ,₹339,3.8,"2,460",N/A,N/A,N/A,N/A
POLICE Polyester 35 Ltr Laptop Big Low Spec Laptop Backpack - Black/Navy,https://www.amazon.in/Police-Polyester-Laptop-Spec-Backpack/dp/B07ZB8NWTZ,"₹1,569",3.3,211,N/A,N/A,N/A,N/A
Skybags Unisex Black Gucci Fabric 10L Backpacks,https://www.amazon.in/Skybags-Unisex-Black-Fabric-Backpacks/dp/B0B221QMF2,₹448,3.9,103,N/A,N/A,N/A,N/A
Wildcraft 45 Ltrs Black Rucksack (8903338073840),https://www.amazon.in/Wildcraft-Ltrs-Black-Rucksack-8903338073840/dp/B01G5I8VDS,"₹1,745",4.3,"1,070",N/A,N/A,N/A,N/A
American Tourister Harp Duffle Bag 62 CM Teal,https://www.amazon.in/American-Tourister-Harp-Duffle-Teal/dp/B0BTHQJ45P,"₹1,499",3.8,8,N/A,N/A,N/A,N/A
POLICE Polyester 35 Ltr Laptop Big Low Spec Laptop Backpack - Black/Navy,https://www.amazon.in/Police-Polyester-Laptop-Spec-Backpack/dp/B07ZB8NWTZ,"₹1,569",3.3,211,N/A,N/A,N/A,N/A
"Storite Canvas Sling Cross Body Travel Office Business Messenger One Side Shoulder Bag for Men & Women (Grey, 33cm x 6.5cm x 27cm)",https://www.amazon.in/Storite-Canvas-Business-Messenger-Bag/dp/B09DYTDSY6,₹899,4.0,"2,360",N/A,N/A,N/A,N/A
Skybags Unisex Black Gucci Fabric 10L Backpacks,https://www.amazon.in/Skybags-Unisex-Black-Fabric-Backpacks/dp/B0B221QMF2,₹448,3.9,103,N/A,N/A,N/A,N/A
Wildcraft 45 Ltrs Black Rucksack (8903338073840),https://www.amazon.in/Wildcraft-Ltrs-Black-Rucksack-8903338073840/dp/B01G5I8VDS,"₹1,745",4.3,"1,070",N/A,N/A,N/A,N/A
American Tourister Harp Duffle Bag 62 CM Teal,https://www.amazon.in/American-Tourister-Harp-Duffle-Teal/dp/B0BTHQJ45P,"₹1,499",3.8,8,N/A,N/A,N/A,N/A
"MOKOBARA The Overnighter Backpack 15.6"" Inch Laptop | Travel Backpack For Men And Women",https://www.amazon.in/MOKOBARA-Overnighter-Expandable-Resistant-Detachable/dp/B0B7X2WB12,"₹8,499",4.4,56,N/A,N/A,N/A,N/A
"Amazon Basics- Laptop Messenger Bag for 13.3-Inch, 14-Inch, 15.6 -Inch Laptop Bag for Men and Women",https://www.amazon.in/Amazon-Basics-Messenger-13-3-Inch-14-Inch/dp/B09WMQ4Y7H,₹599,3.6,56,N/A,N/A,N/A,N/A
"Seute Verdiater Backpack with USB Charging Port, 30L Laptop Bag with Shoe Compartments, Business Travel Backpack with 15.6 inch Laptop Pocket for Men, Women, College & Office (Grey & Black)",https://www.amazon.in/Seute-Verdiater-Laptop-Backpack-Multipurpose/dp/B07D9D5284,"₹3,199",4.5,892,N/A,N/A,N/A,N/A
"TRUE HUMAN® Emperor Anti-Theft backpack with combination lock Laptop bag,office bag for Men and Women | College Bags for Girls & Boys (Zyden)",https://www.amazon.in/TRUE-HUMAN-Anti-Theft-backpack-combination/dp/B09VCHV6T5,₹675,3.7,"1,152","» Superior & Durability: Made of durable and Eco-friendly water resistant oxford textile fabric,which keeps your files and stuffs dry inside. This backpack can hold up to 15.6"" laptop from most brands, but it may not be suitable for all brand 15.6"". Since there maybe exist slight size difference among different laptop brands.      » PREMIUM MATERIAL: Made from high quality, waterproof Polyester material in grey color. Premium quality smooth zippers, pullers, buckles.",N/A,N/A,Visit the TRUE HUMAN Store
Aristocrat Unisex Black Premium Poleyester Fabric 26L Laptop Bags,https://www.amazon.in/Aristocrat-Unisex-Premium-Poleyester-Fabric/dp/B09ZV9MSFQ,₹669,3.8,64,N/A,N/A,N/A,N/A
"Genie Drama Queen Laptop Backpack for Women, 3 compartments, Stylish and Trendy College Bags for Girls, Water Resistant and Lightweight Bags for Office and Travelling Purpose. 36 litres",https://www.amazon.in/Genie-compartments-Resistant-Lightweight-Travelling/dp/B097JJYXXT,"₹1,299",4.0,4,N/A,N/A,N/A,N/A
Skybags Unisex Red Gucci Fabric 17L Backpacks,https://www.amazon.in/Skybags-Unisex-Gucci-Fabric-Backpacks/dp/B0B21XTWRL,₹579,3.6,92,N/A,N/A,N/A,N/A
HAMMONDS FLYCATCHER Laptop Bag for Men - Genuine Leather Messenger Shoulder Bag - Fits 14/15.6/16 Inch Laptops - Brown Office Bag - Multiple Pockets -Water Resistant -Executive Bag for Work and Travel,https://www.amazon.in/Hammonds-Flycatcher-Leather-Messenger-LB190BRN/dp/B083M1QK32,"₹5,255",4.4,566,N/A,N/A,N/A,N/A
American Tourister BOUNCE CASUAL BACKPACK 28L POLYESTER RED,https://www.amazon.in/American-Tourister-BOUNCE-BACKPACK-POLYESTER/dp/B0BLC9MQHW,"₹1,099",4.0,32,N/A,N/A,N/A,N/A
"Amazon Basics Laptop Backpack - 24L, Water Repellent and Wear Resistant, Melange Slub Grey",https://www.amazon.in/Amazon-Basics-Laptop-Backpack-Repellent/dp/B09W39H3F9,₹649,4.1,128,N/A,N/A,N/A,N/A
"Wooum Polyester 23 cms Gym Bag Sport Outdoor Bag, Shoulder Bag Side Bag with Separate Shoes Compartment Water Resistance - Dark Grey",https://www.amazon.in/Resistant-Duffle-Shoulder-Separate-Compartment/dp/B09KVBSG61,₹418,4.2,511,N/A,N/A,N/A,N/A
